{"inputs": [[[-1.3702332115082376, -2.4429925540314095, 0.45380062106110974, -0.41528812653811825, -1.6342437104559, 0.2645424788221865], [0.570188492961689, -1.0934129003976676, -1.0483373257041018, 1.8927986240716832, 1.167973115687023, 1.2565275197983876], [0.22407564895486154, 0.9668081694416605, -0.1674696917487785, -1.1751763300224924, 1.5125989836190825, -1.628791337566757], [-2.3279301755804447, -0.6743820252643327, 0.30823283535961854, 0.5148064462273634, -0.08880789161422287, -0.47917197527327005], [-1.512583026929165, -1.4572451360293381, 1.3505836300461604, -0.7582760993446085, -0.5892077785724741, -0.08871983345871762]], [[-0.0097422411659953, -2.2501728740430886, -0.37250463043420246, 0.1437519662586601, 1.1775478246523967, 0.12540659967678774], [1.1445095267264966, 0.6097394436734916, -0.09180907865747658, 0.2058717827432977, 2.56622270010743, 0.19243672358584651], [-0.8328783363376664, 1.0410539224662043, -1.113083741008717, 0.16627878235958518, -1.413526575834892, 0.03735555411425047], [-1.0499874057121528, 0.10438609112258646, -0.2647144876534182, 0.5877625270325011, -1.9440115572208956, 0.2535885170856571], [-1.0570019691414627, 0.5391254224542747, 0.8863348531267699, 0.37317736897351567, 0.9305629566158702, 1.4900248728211396]]], "output": [[[-0.6797174215316772, -2.93060040473938, 1.275446891784668, 0.06107048690319061, -1.2274653911590576, -0.355381041765213], [0.30895307660102844, -1.9238835573196411, -0.40434974431991577, 2.592137575149536, 0.483573853969574, 1.7405859231948853], [0.3060923218727112, 0.8169943690299988, -0.11065448820590973, -0.39384526014328003, 0.5795166492462158, -1.2048671245574951], [-2.200212240219116, -0.9227977991104126, 0.8830193281173706, 1.643011212348938, 0.3457893431186676, -0.34716910123825073], [-0.7731752395629883, -1.623112440109253, 2.2154321670532227, -0.07486292719841003, -0.047842323780059814, -0.43003156781196594]], [[-0.2522561550140381, -2.100017547607422, 0.5644172430038452, 1.195959448814392, 1.1103918552398682, 0.13462112843990326], [1.1970289945602417, 1.140316367149353, 0.6136670708656311, 1.010125994682312, 1.5822440385818481, 0.8279627561569214], [-1.1332038640975952, -0.5114755034446716, 0.014642000198364258, 0.13465869426727295, -3.0932869911193848, 0.9682630300521851], [-1.0926356315612793, -1.0310351848602295, 1.104590892791748, 0.7447429299354553, -2.8887722492218018, 0.4102741479873657], [-0.41485530138015747, 0.15573455393314362, 1.2887852191925049, 0.456840455532074, 0.6938028335571289, 1.8357515335083008]]]}