{"enc_input": [[2, 3, 0, 5, 7], [0, 10, 8, 10, 1]], "dec_input": [[2, 3, 10], [1, 10, 8]], "enc_mask": [[2, 3, 0, 5, 7], [0, 10, 8, 10, 1]], "dec_mask": [[1.0, 1.0, 1.0], [1.0, 1.0, 1.0]], "output": [[[10.396791458129883, 0.4293022155761719, 2.6353344917297363, 5.403274059295654, 6.131463527679443, -2.1769134998321533, 1.9645226001739502, 3.287153720855713, 1.088327169418335, 11.174448013305664, 4.823846817016602], [3.3507421016693115, -3.4542150497436523, 6.391385078430176, 9.999515533447266, 0.9765976667404175, -0.5912466049194336, 4.690258026123047, 5.5837883949279785, 5.312085151672363, 11.330268859863281, 6.580809593200684], [4.593360900878906, -4.211770057678223, 8.075637817382812, 25.52280616760254, -2.3522841930389404, 4.335842132568359, 3.3377373218536377, 3.1725640296936035, 8.276178359985352, 18.223094940185547, 13.579854011535645]], [[10.42356014251709, -0.5592164993286133, 2.6844584941864014, 4.758581161499023, 5.531741619110107, -2.9369068145751953, 1.835939645767212, 3.612109661102295, 1.7104812860488892, 11.429039001464844, 3.5416059494018555], [2.321578025817871, 7.467000484466553, -0.6572381258010864, -3.329051971435547, 8.874455451965332, 0.3954874277114868, 2.824288845062256, 3.426391363143921, -6.490586757659912, -1.7989182472229004, 3.9746737480163574], [6.66019868850708, 1.523187279701233, 8.950340270996094, 11.724065780639648, 3.9338464736938477, 2.0031378269195557, 3.379256248474121, 5.81256628036499, 3.9903314113616943, 10.994983673095703, 16.228452682495117]]]}