{"teacher_attention": [[0.9488855372533332, 0.9656320330745594, 0.8083973481164611, 0.3046137691733707, 0.09767211400638387, 0.6842330265121569, 0.4401524937396013, 0.12203823484477883, 0.4951769101112702, 0.034388521115218396], [0.9093204020787821, 0.2587799816000169, 0.662522284353982, 0.31171107608941095, 0.5200680211778108, 0.5467102793432796, 0.18485445552552704, 0.9695846277645586, 0.7751328233611146, 0.9394989415641891]], "student_attention": [[0.8948273504276488, 0.5978999788110851, 0.9218742350231168, 0.0884925020519195, 0.1959828624191452, 0.045227288910538066, 0.32533033076326434, 0.388677289689482, 0.2713490317738959, 0.8287375091519293], [0.3567533266935893, 0.28093450968738076, 0.5426960831582485, 0.14092422497476265, 0.8021969807540397, 0.07455064367977082, 0.9868869366005173, 0.7722447692966574, 0.1987156815341724, 0.005522117123602399]], "expected_output": 0.195987269282341}