{"teacher_hidden": [[0.8154614284548342, 0.7068573438476171, 0.7290071680409873, 0.7712703466859457, 0.07404465173409036, 0.3584657285442726, 0.11586905952512971, 0.8631034258755935, 0.6232981268275579, 0.3308980248526492, 0.06355835028602363, 0.3109823217156622, 0.32518332202674705, 0.7296061783380641, 0.6375574713552131, 0.8872127425763265, 0.4722149251619493, 0.1195942459383017, 0.713244787222995, 0.7607850486168974, 0.5612771975694962, 0.770967179954561, 0.49379559636439074, 0.5227328293819941, 0.42754101835854963, 0.02541912674409519, 0.10789142699330445, 0.03142918568673425, 0.6364104112637804, 0.3143559810763267, 0.5085706911647028, 0.907566473926093, 0.24929222914887494, 0.41038292303562973, 0.7555511385430487, 0.22879816549162246, 0.07697990982879299, 0.289751452913768, 0.16122128725400442, 0.9296976523425731, 0.808120379564417, 0.6334037565104235, 0.8714605901877177, 0.8036720768991145, 0.18657005888603584, 0.8925589984899778, 0.5393422419156507, 0.8074401551640625, 0.8960912999234932, 0.3180034749718639], [0.11005192452767676, 0.22793516254194168, 0.4271077886262563, 0.8180147659224931, 0.8607305832563434, 0.006952130531190703, 0.5107473025775657, 0.417411003148779, 0.22210781047073025, 0.1198653673336828, 0.33761517140362796, 0.9429097039125192, 0.32320293202075523, 0.5187906217433661, 0.7030189588951778, 0.363629602379294, 0.9717820827209607, 0.9624472949421112, 0.25178229582536416, 0.49724850589238545, 0.30087830981676966, 0.2848404943774676, 0.036886947354532795, 0.6095643339798968, 0.5026790232288615, 0.05147875124998935, 0.27864646423661144, 0.9082658859666537, 0.23956189066697242, 0.1448948720912231, 0.489452760277563, 0.9856504541106007, 0.2420552715115004, 0.6721355474058786, 0.7616196153287176, 0.23763754399239967, 0.7282163486118596, 0.3677831327192532, 0.6323058305935795, 0.6335297107608947, 0.5357746840747585, 0.0902897700544083, 0.835302495589238, 0.32078006497173583, 0.18651851039985423, 0.040775141554763916, 0.5908929431882418, 0.6775643618422824, 0.016587828927856152, 0.512093058299281]], "student_hidden": [[0.22649577519793795, 0.6451727904094499, 0.17436642900499144, 0.690937738102466, 0.3867353463005374, 0.9367299887367345, 0.13752094414599325, 0.3410663510502585, 0.11347352124058907, 0.9246936182785628], [0.877339353380981, 0.2579416277151556, 0.659984046034179, 0.8172222002012158, 0.5552008115994623, 0.5296505783560065, 0.24185229090045168, 0.09310276780589921, 0.8972157579533268, 0.9004180571633305]], "expected_output": 0.5022037625312805}